Country Name,Country Code,Indicator Name,Indicator Code,2005,2006,2007,2008,2009,2010,2011,2012,2013,2014,2015,2016,2017,,,,,,,,,,,,,,,,,,,,,,,,,,,,,,,,,,
Aruba,ABW,Individuals using the Internet (% of population),IT.NET.USER.ZS,25.4,28,30.9,52,58,62,69,74,78.9,83.78,88.66122693,93.54245387,,,,,,,,,,,,,,,,,,,,,,,,,,,,,,,,,,,
Afghanistan,AFG,Individuals using the Internet (% of population),IT.NET.USER.ZS,1.224148084,2.107123645,1.9,1.84,3.55,4,5,5.454545455,5.9,7,8.26,10.59572642,,,,,,,,,,,,,,,,,,,,,,,,,,,,,,,,,,,
Angola,AGO,Individuals using the Internet (% of population),IT.NET.USER.ZS,1.143366827,1.5,1.7,1.9,2.3,2.8,3.1,6.5,8.9,10.2,12.4,13,,,,,,,,,,,,,,,,,,,,,,,,,,,,,,,,,,,
Albania,ALB,Individuals using the Internet (% of population),IT.NET.USER.ZS,6.043890864,9.609991316,15.03611541,23.86,41.2,45,49,54.65595904,57.2,60.1,63.2529327,66.3634447,,,,,,,,,,,,,,,,,,,,,,,,,,,,,,,,,,,
Andorra,AND,Individuals using the Internet (% of population),IT.NET.USER.ZS,37.60576622,48.936847,70.87,70.04,78.53,81,81,86.43442462,94,95.9,96.91,97.93063712,,,,,,,,,,,,,,,,,,,,,,,,,,,,,,,,,,,
Arab World,ARB,Individuals using the Internet (% of population),IT.NET.USER.ZS,8.634946767,11.66378867,14.31521389,18.49590568,21.42634931,24.77594069,26.58276395,30.17823282,32.92803836,36.45795837,39.85189639,42.52504022,,,,,,,,,,,,,,,,,,,,,,,,,,,,,,,,,,,
United Arab Emirates,ARE,Individuals using the Internet (% of population),IT.NET.USER.ZS,40,52,61,63,64,68,78,84.9999915,88,90.4,90.5,90.60000732,,,,,,,,,,,,,,,,,,,,,,,,,,,,,,,,,,,
Argentina,ARG,Individuals using the Internet (% of population),IT.NET.USER.ZS,17.72058337,20.9272021,25.94663294,28.11262348,34,45,51,55.8,59.9,64.7,68.04306411,70.96898082,,,,,,,,,,,,,,,,,,,,,,,,,,,,,,,,,,,
Armenia,ARM,Individuals using the Internet (% of population),IT.NET.USER.ZS,5.252983352,5.631787777,6.021253397,6.21,15.3,25,32,37.5,41.9,54.62280586,64.34602977,67,,,,,,,,,,,,,,,,,,,,,,,,,,,,,,,,,,,
American Samoa,ASM,Individuals using the Internet (% of population),IT.NET.USER.ZS,,,,,,,,,,,,,,,,,,,,,,,,,,,,,,,,,,,,,,,,,,,,,,,
Antigua and Barbuda,ATG,Individuals using the Internet (% of population),IT.NET.USER.ZS,27,30,34,38,42,47,52,58,63.4,67.78,70,73,,,,,,,,,,,,,,,,,,,,,,,,,,,,,,,,,,,
Australia,AUS,Individuals using the Internet (% of population),IT.NET.USER.ZS,63,66,69.45,71.67,74.25,76,79.48769771,79,83.45349717,84,84.56051935,88.23865805,,,,,,,,,,,,,,,,,,,,,,,,,,,,,,,,,,,
Austria,AUT,Individuals using the Internet (% of population),IT.NET.USER.ZS,58,63.6,69.37,72.87,73.45,75.17,78.7399931,80.02999392,80.6188,80.99582496,83.94014193,84.32333129,,,,,,,,,,,,,,,,,,,,,,,,,,,,,,,,,,,
Azerbaijan,AZE,Individuals using the Internet (% of population),IT.NET.USER.ZS,8.030375356,11.99217733,14.54,17.08,27.4,46,50,54.2,73.00000137,75.00001564,77,78.2,,,,,,,,,,,,,,,,,,,,,,,,,,,,,,,,,,,
Burundi,BDI,Individuals using the Internet (% of population),IT.NET.USER.ZS,0.542142866,0.65759259,0.7,0.81,0.9,1,1.11,1.219999945,1.264218111,1.38,4.866224464,5.173626777,,,,,,,,,,,,,,,,,,,,,,,,,,,,,,,,,,,
Belgium,BEL,Individuals using the Internet (% of population),IT.NET.USER.ZS,55.82,59.72,64.44,66,70,75,81.609996,80.71999055,82.1702,85,85.0529,86.5165,,,,,,,,,,,,,,,,,,,,,,,,,,,,,,,,,,,
Benin,BEN,Individuals using the Internet (% of population),IT.NET.USER.ZS,1.271031439,1.537854346,1.79,1.85,2.24,3.13,4.148323066,4.5,4.9,6,11.25498791,11.99404791,,,,,,,,,,,,,,,,,,,,,,,,,,,,,,,,,,,
Burkina Faso,BFA,Individuals using the Internet (% of population),IT.NET.USER.ZS,0.469914489,0.632707564,0.75,0.92,1.13,2.4,3,3.725034916,9.1,9.4,11.38764617,13.96,,,,,,,,,,,,,,,,,,,,,,,,,,,,,,,,,,,
Bangladesh,BGD,Individuals using the Internet (% of population),IT.NET.USER.ZS,0.241637326,1,1.8,2.5,3.1,3.7,4.5,5,6.63,13.9,14.4,18.246938,,,,,,,,,,,,,,,,,,,,,,,,,,,,,,,,,,,
Bulgaria,BGR,Individuals using the Internet (% of population),IT.NET.USER.ZS,19.97,27.09,33.64,39.67,45,46.23,47.97999305,51.89998767,53.0615,55.49,56.6563,59.82554766,,,,,,,,,,,,,,,,,,,,,,,,,,,,,,,,,,,
Bahrain,BHR,Individuals using the Internet (% of population),IT.NET.USER.ZS,21.30373351,28.24395243,32.91,51.95,53,55,76.9999665,88,90.0000397,90.50313348,93.47830114,97.9999807,,,,,,,,,,,,,,,,,,,,,,,,,,,,,,,,,,,
"Bahamas, The",BHS,Individuals using the Internet (% of population),IT.NET.USER.ZS,25,26,27,31.54,33.88,43,65,71.74820281,72,76.92,78,80,,,,,,,,,,,,,,,,,,,,,,,,,,,,,,,,,,,
Bosnia and Herzegovina,BIH,Individuals using the Internet (% of population),IT.NET.USER.ZS,21.326701,25.12238569,27.92,34.66,37.74,42.75,43.88768653,45.06450043,48.52131417,49.91773243,52.60272988,54.73707439,,,,,,,,,,,,,,,,,,,,,,,,,,,,,,,,,,,
Belarus,BLR,Individuals using the Internet (% of population),IT.NET.USER.ZS,,16.2,19.7,23,27.43,31.8,39.64889566,46.91,54.17,59.02,67.3,71.11304576,,,,,,,,,,,,,,,,,,,,,,,,,,,,,,,,,,,
Belize,BLZ,Individuals using the Internet (% of population),IT.NET.USER.ZS,17,24,24.6,26.3,27.2,28.2,30.7,31,33.6,38.7,41.59,44.57574032,,,,,,,,,,,,,,,,,,,,,,,,,,,,,,,,,,,
Bermuda,BMU,Individuals using the Internet (% of population),IT.NET.USER.ZS,65.44706579,69.89965516,74.35059403,82.3,83.25,84.21,88.336,91.29930452,95.3,96.8,98.32360965,98,,,,,,,,,,,,,,,,,,,,,,,,,,,,,,,,,,,
Bolivia,BOL,Individuals using the Internet (% of population),IT.NET.USER.ZS,5.227583957,6.200671255,10.49924432,12.5,16.8,22.4,30,35.34,36.99,34.6,35.56227065,39.6975146,,,,,,,,,,,,,,,,,,,,,,,,,,,,,,,,,,,
Brazil,BRA,Individuals using the Internet (% of population),IT.NET.USER.ZS,21.02274725,28.17838018,30.88,33.83,39.22,40.65,45.69,48.56,51.04,54.55100188,58.32795173,60.87254007,,,,,,,,,,,,,,,,,,,,,,,,,,,,,,,,,,,
Barbados,BRB,Individuals using the Internet (% of population),IT.NET.USER.ZS,52.5,55.3,58.2,61.4,64.7,65.1,66.5,71.2,71.8,75.16,76.11,79.54939789,,,,,,,,,,,,,,,,,,,,,,,,,,,,,,,,,,,
Brunei Darussalam,BRN,Individuals using the Internet (% of population),IT.NET.USER.ZS,36.46639195,42.18634916,44.68,46,49,53,56,60.27306504,64.5,68.77,71.2,90,,,,,,,,,,,,,,,,,,,,,,,,,,,,,,,,,,,
Bhutan,BTN,Individuals using the Internet (% of population),IT.NET.USER.ZS,3.847106745,4.518317258,5.92,6.55,7.17,13.6,14.4,15.6,22.4,30.3,39.8,41.77264453,,,,,,,,,,,,,,,,,,,,,,,,,,,,,,,,,,,
Botswana,BWA,Individuals using the Internet (% of population),IT.NET.USER.ZS,3.262554036,4.289932975,5.28,6.25,6.15,6,9,16,30,36.74474744,37.31205037,39.36299738,,,,,,,,,,,,,,,,,,,,,,,,,,,,,,,,,,,
Central African Republic,CAF,Individuals using the Internet (% of population),IT.NET.USER.ZS,0.268195609,0.311159173,0.375815961,1,1.8,2,2.2,3,3.4,3.6,3.8,4,,,,,,,,,,,,,,,,,,,,,,,,,,,,,,,,,,,
Canada,CAN,Individuals using the Internet (% of population),IT.NET.USER.ZS,71.66,72.4,73.2,76.7,80.3,80.3,83,83,85.8,87.12,88.47,89.84,,,,,,,,,,,,,,,,,,,,,,,,,,,,,,,,,,,
Central Europe and the Baltics,CEB,Individuals using the Internet (% of population),IT.NET.USER.ZS,34.74955413,40.79961094,45.28427447,50.68859057,55.10283337,58.59929651,59.12224648,61.72869493,63.47561863,66.49503625,67.35924502,71.35041111,,,,,,,,,,,,,,,,,,,,,,,,,,,,,,,,,,,
Switzerland,CHE,Individuals using the Internet (% of population),IT.NET.USER.ZS,70.1,75.7,77.2,79.2,81.3,83.9,85.19302818,85.2,86.34,87.4,87.4790556,89.13468774,,,,,,,,,,,,,,,,,,,,,,,,,,,,,,,,,,,
Channel Islands,CHI,Individuals using the Internet (% of population),IT.NET.USER.ZS,,,,,,,,,,,,,,,,,,,,,,,,,,,,,,,,,,,,,,,,,,,,,,,
Chile,CHL,Individuals using the Internet (% of population),IT.NET.USER.ZS,31.17534703,34.49775117,35.9,37.3,41.56,45,52.24960729,55.05,58,61.11,64.289,66.01,,,,,,,,,,,,,,,,,,,,,,,,,,,,,,,,,,,
China,CHN,Individuals using the Internet (% of population),IT.NET.USER.ZS,8.523257003,10.52315262,16,22.6,28.9,34.3,38.3,42.30011749,45.8,47.9,50.3,53.2,,,,,,,,,,,,,,,,,,,,,,,,,,,,,,,,,,,
Cote d'Ivoire,CIV,Individuals using the Internet (% of population),IT.NET.USER.ZS,1.039238205,1.524900791,1.8,1.9,2,2.7,2.9,5,12,19.2742298,21.88520842,26.52722561,,,,,,,,,,,,,,,,,,,,,,,,,,,,,,,,,,,
Cameroon,CMR,Individuals using the Internet (% of population),IT.NET.USER.ZS,1.402654226,2.028744791,2.93,3.4,3.84,4.3,5,7.5,10,16.21487223,20.68014766,25,,,,,,,,,,,,,,,,,,,,,,,,,,,,,,,,,,,
"Congo, Dem. Rep.",COD,Individuals using the Internet (% of population),IT.NET.USER.ZS,0.238037799,0.29605361,0.37,0.44,0.56,0.72,1.2,1.679961015,2.2,3,3.799999507,6.20997406,,,,,,,,,,,,,,,,,,,,,,,,,,,,,,,,,,,
"Congo, Rep.",COG,Individuals using the Internet (% of population),IT.NET.USER.ZS,1.46342006,2.007990079,2.759704374,4.287509903,4.5,5,5.6,6.106695024,6.6,7.11,7.615974662,8.121949323,,,,,,,,,,,,,,,,,,,,,,,,,,,,,,,,,,,
Colombia,COL,Individuals using the Internet (% of population),IT.NET.USER.ZS,11.00726389,15.34167454,21.8,25.6,30,36.5,40.35091575,48.98,51.7,52.57,55.90497251,58.13649357,,,,,,,,,,,,,,,,,,,,,,,,,,,,,,,,,,,
Comoros,COM,Individuals using the Internet (% of population),IT.NET.USER.ZS,2,2.2,2.5,3,3.5,5.1,5.5,5.975296308,6.5,6.98,7.459161386,7.938322771,,,,,,,,,,,,,,,,,,,,,,,,,,,,,,,,,,,
Cabo Verde,CPV,Individuals using the Internet (% of population),IT.NET.USER.ZS,6.074087107,6.808911008,8.28321982,14,21,30,32,34.74,37.5,40.26,47.96162392,50.32281787,,,,,,,,,,,,,,,,,,,,,,,,,,,,,,,,,,,
Costa Rica,CRI,Individuals using the Internet (% of population),IT.NET.USER.ZS,22.07,25.1,28.4,32.29,34.33,36.5,39.212196,47.5,45.96,53,59.76295014,66.02871285,,,,,,,,,,,,,,,,,,,,,,,,,,,,,,,,,,,
Caribbean small states,CSS,Individuals using the Internet (% of population),IT.NET.USER.ZS,19.42528189,22.29393357,24.50228747,27.67452832,31.7555303,35.40769011,42.18432319,42.55248247,45.33528704,48.33091393,50.89816485,53.80998892,,,,,,,,,,,,,,,,,,,,,,,,,,,,,,,,,,,
Cuba,CUB,Individuals using the Internet (% of population),IT.NET.USER.ZS,9.738062208,11.15960131,11.69,12.94,14.33,15.9,16.0172908,21.2,27.93,29.07018437,37.30509742,38.76586728,,,,,,,,,,,,,,,,,,,,,,,,,,,,,,,,,,,
Curacao,CUW,Individuals using the Internet (% of population),IT.NET.USER.ZS,,,,,,,,,,,,61.85551074,,,,,,,,,,,,,,,,,,,,,,,,,,,,,,,,,,,
Cayman Islands,CYM,Individuals using the Internet (% of population),IT.NET.USER.ZS,38.03438308,44.5,52,61,64.5,66,69.46594499,69.7,71.4,74.1,77,79,,,,,,,,,,,,,,,,,,,,,,,,,,,,,,,,,,,
Cyprus,CYP,Individuals using the Internet (% of population),IT.NET.USER.ZS,32.81,35.83,40.77,42.31,49.81,52.99,56.85989235,60.6898684,65.4548,69.33,71.7159,75.90036019,,,,,,,,,,,,,,,,,,,,,,,,,,,,,,,,,,,
Czech Republic,CZE,Individuals using the Internet (% of population),IT.NET.USER.ZS,35.27,47.93,51.93,62.97,64.43,68.82,70.49,73.43000782,74.1104,74.23171164,75.6688387,76.48120138,,,,,,,,,,,,,,,,,,,,,,,,,,,,,,,,,,,
Germany,DEU,Individuals using the Internet (% of population),IT.NET.USER.ZS,68.71,72.16,75.16,78,79,82,81.26999954,82.34999847,84.17,86.19,87.5898,89.64710059,,,,,,,,,,,,,,,,,,,,,,,,,,,,,,,,,,,
Djibouti,DJI,Individuals using the Internet (% of population),IT.NET.USER.ZS,0.953611449,1.270041159,1.62,2.26,4,6.5,7,8.267232892,9.5,10.71,11.92243143,13.13491511,,,,,,,,,,,,,,,,,,,,,,,,,,,,,,,,,,,
Dominica,DMA,Individuals using the Internet (% of population),IT.NET.USER.ZS,38.54364326,39.3981743,40.27446301,41.16,42.02,47.45,48.6,49.8,51,57.5,65,67.03,,,,,,,,,,,,,,,,,,,,,,,,,,,,,,,,,,,
Denmark,DNK,Individuals using the Internet (% of population),IT.NET.USER.ZS,82.74,86.65,85.03,85.02,86.84,88.72,89.81001339,92.26001172,94.6297,95.99,96.3305,96.96778525,,,,,,,,,,,,,,,,,,,,,,,,,,,,,,,,,,,
Dominican Republic,DOM,Individuals using the Internet (% of population),IT.NET.USER.ZS,11.48319778,14.84492837,17.66,20.82,27.72,31.4,38,42.32,45.9,49.58,54.21576634,61.32819041,,,,,,,,,,,,,,,,,,,,,,,,,,,,,,,,,,,
Algeria,DZA,Individuals using the Internet (% of population),IT.NET.USER.ZS,5.843942092,7.375984956,9.451190626,10.18,11.23,12.5,14.9,18.2,22.5,29.5,38.2,42.94552688,,,,,,,,,,,,,,,,,,,,,,,,,,,,,,,,,,,
East Asia & Pacific (excluding high income),EAP,Individuals using the Internet (% of population),IT.NET.USER.ZS,8.314027195,10.1685372,14.37880641,19.25844061,23.76631254,28.95748204,32.38221654,36.0611003,39.69640372,42.04640158,45.21308093,48.41612752,,,,,,,,,,,,,,,,,,,,,,,,,,,,,,,,,,,
Early-demographic dividend,EAR,Individuals using the Internet (% of population),IT.NET.USER.ZS,4.883553318,5.766603269,7.332921825,8.498743247,9.697857644,12.83542505,15.47625009,18.12974564,20.9688841,25.51609001,30.32361202,33.59568702,,,,,,,,,,,,,,,,,,,,,,,,,,,,,,,,,,,
East Asia & Pacific,EAS,Individuals using the Internet (% of population),IT.NET.USER.ZS,14.71964172,16.66954807,20.81549299,25.29951011,29.55359909,34.26979968,37.39843934,40.73753184,44.60383606,46.83664185,49.82974621,52.93204532,,,,,,,,,,,,,,,,,,,,,,,,,,,,,,,,,,,
Europe & Central Asia (excluding high income),ECA,Individuals using the Internet (% of population),IT.NET.USER.ZS,12.65031657,15.2106156,20.54829845,24.05103145,27.64908781,35.80042989,40.70194575,48.93830624,52.89970148,56.96600095,60.16708282,62.45498633,,,,,,,,,,,,,,,,,,,,,,,,,,,,,,,,,,,
Europe & Central Asia,ECS,Individuals using the Internet (% of population),IT.NET.USER.ZS,35.14667558,38.01534504,43.61616867,47.31843651,50.54062025,56.09402548,58.81028076,63.60314941,66.32368116,68.99720789,71.13231551,73.35452373,,,,,,,,,,,,,,,,,,,,,,,,,,,,,,,,,,,
Ecuador,ECU,Individuals using the Internet (% of population),IT.NET.USER.ZS,5.994255161,7.2,10.8,18.8,24.6,29.03,31.36680836,35.13514645,40.27912194,45.59039067,48.94043379,54.06292473,,,,,,,,,,,,,,,,,,,,,,,,,,,,,,,,,,,
"Egypt, Arab Rep.",EGY,Individuals using the Internet (% of population),IT.NET.USER.ZS,12.75,13.66,16.03,18.01,20,21.6,25.6,26.4,29.4,33.89460391,37.81938343,41.24806709,,,,,,,,,,,,,,,,,,,,,,,,,,,,,,,,,,,
Euro area,EMU,Individuals using the Internet (% of population),IT.NET.USER.ZS,51.11733864,54.80103474,61.25825566,64.73270437,67.04301592,70.96600478,71.9737843,74.09820222,75.85276951,77.11958965,78.79553646,80.5799712,,,,,,,,,,,,,,,,,,,,,,,,,,,,,,,,,,,
Eritrea,ERI,Individuals using the Internet (% of population),IT.NET.USER.ZS,,,0.41,0.47,0.54,0.61,0.7,0.8,0.9,0.99,1.083733116,1.17711872,,,,,,,,,,,,,,,,,,,,,,,,,,,,,,,,,,,
Spain,ESP,Individuals using the Internet (% of population),IT.NET.USER.ZS,47.88,50.37,55.11,59.6,62.4,65.8,67.08999939,69.80999994,71.635,76.19,78.6896,80.56133294,,,,,,,,,,,,,,,,,,,,,,,,,,,,,,,,,,,
Estonia,EST,Individuals using the Internet (% of population),IT.NET.USER.ZS,61.45,63.51,66.19,70.58,72.5,74.1,76.5,78.38992593,80.0043,84.24152803,88.4118116,87.23733209,,,,,,,,,,,,,,,,,,,,,,,,,,,,,,,,,,,
Ethiopia,ETH,Individuals using the Internet (% of population),IT.NET.USER.ZS,0.219659819,0.310592657,0.37,0.45,0.54,0.75,1.1,2.9,4.6,7.7,13.85517556,15.36692386,,,,,,,,,,,,,,,,,,,,,,,,,,,,,,,,,,,
European Union,EUU,Individuals using the Internet (% of population),IT.NET.USER.ZS,50.92456035,54.5192848,60.29466552,64.21764313,67.27798828,70.71315032,71.63025008,73.83414009,75.686771,77.31226509,78.63617205,80.94242766,,,,,,,,,,,,,,,,,,,,,,,,,,,,,,,,,,,
Fragile and conflict affected situations,FCS,Individuals using the Internet (% of population),IT.NET.USER.ZS,1.483175691,1.888441829,2.946518472,2.986868287,3.864390183,5.971161397,6.800789804,8.39397884,10.21318131,12.29905594,15.31669714,17.31108319,,,,,,,,,,,,,,,,,,,,,,,,,,,,,,,,,,,
Finland,FIN,Individuals using the Internet (% of population),IT.NET.USER.ZS,74.48,79.66,80.78,83.67,82.49,86.89,88.70999491,89.87999797,91.5144,86.53039275,86.42213333,87.70364996,,,,,,,,,,,,,,,,,,,,,,,,,,,,,,,,,,,
Fiji,FJI,Individuals using the Internet (% of population),IT.NET.USER.ZS,8.453636634,9.6000384,10.89783105,13,17,20,28,33.74235675,35.2,37.4,42.5,46.50697831,,,,,,,,,,,,,,,,,,,,,,,,,,,,,,,,,,,
France,FRA,Individuals using the Internet (% of population),IT.NET.USER.ZS,42.87,46.87,66.09,70.68,71.58,77.28,77.81999899,81.44,81.9198,83.75,84.6945,85.62219995,,,,,,,,,,,,,,,,,,,,,,,,,,,,,,,,,,,
Faroe Islands,FRO,Individuals using the Internet (% of population),IT.NET.USER.ZS,67.90263174,69.35944512,75.98,75.57,75.18,75.2,80.7321728,85.33518924,90,93.3,94.2,95.10868167,,,,,,,,,,,,,,,,,,,,,,,,,,,,,,,,,,,
"Micronesia, Fed. Sts.",FSM,Individuals using the Internet (% of population),IT.NET.USER.ZS,11.8813691,12.75033925,13.62113273,14.49,15.35,20,22.8,25.974423,27.8,29.65,31.50108128,33.35216255,,,,,,,,,,,,,,,,,,,,,,,,,,,,,,,,,,,
Gabon,GAB,Individuals using the Internet (% of population),IT.NET.USER.ZS,4.89326475,5.489200803,5.767004576,7.5,9.5,13,18,24,30.53803344,38.07120929,45.78453653,48.05227375,,,,,,,,,,,,,,,,,,,,,,,,,,,,,,,,,,,
United Kingdom,GBR,Individuals using the Internet (% of population),IT.NET.USER.ZS,70,68.82,75.09,78.39,83.56,85,85.37999855,87.47999842,89.8441,91.61,92.0003,94.77580063,,,,,,,,,,,,,,,,,,,,,,,,,,,,,,,,,,,
Georgia,GEO,Individuals using the Internet (% of population),IT.NET.USER.ZS,6.079457629,7.526876845,8.26,10.01,20.07,26.9,31.52,36.94,43.3,44,47.56975964,58.00616157,,,,,,,,,,,,,,,,,,,,,,,,,,,,,,,,,,,
Ghana,GHA,Individuals using the Internet (% of population),IT.NET.USER.ZS,1.831197461,2.723175973,3.85,4.27,5.44,7.8,9,10.6,15,25.51773743,31.44785241,34.66600065,,,,,,,,,,,,,,,,,,,,,,,,,,,,,,,,,,,
Gibraltar,GIB,Individuals using the Internet (% of population),IT.NET.USER.ZS,39.07013088,45.29864751,51.61,58,65.07,65,65,65.017,,,,94.44447158,,,,,,,,,,,,,,,,,,,,,,,,,,,,,,,,,,,
Guinea,GIN,Individuals using the Internet (% of population),IT.NET.USER.ZS,0.542254181,0.637492123,0.780025279,0.92,0.94,1,2,3.1,4.5,6.4,8.2,9.8,,,,,,,,,,,,,,,,,,,,,,,,,,,,,,,,,,,
"Gambia, The",GMB,Individuals using the Internet (% of population),IT.NET.USER.ZS,3.799001139,5.237691158,6.205037419,6.88,7.63,9.2,10.8703,12.44922872,14,15.56,16.5,18.5,,,,,,,,,,,,,,,,,,,,,,,,,,,,,,,,,,,
Guinea-Bissau,GNB,Individuals using the Internet (% of population),IT.NET.USER.ZS,1.901365316,2.057196705,2.206302237,2.354888711,2.303280592,2.45,2.672,2.893990621,3.1,3.32,3.540706917,3.761413832,,,,,,,,,,,,,,,,,,,,,,,,,,,,,,,,,,,
Equatorial Guinea,GNQ,Individuals using the Internet (% of population),IT.NET.USER.ZS,1.149789671,1.279193596,1.557123059,1.82,2.13,6,11.5,13.94318219,16.4,18.86,21.31999999,23.77999997,,,,,,,,,,,,,,,,,,,,,,,,,,,,,,,,,,,
Greece,GRC,Individuals using the Internet (% of population),IT.NET.USER.ZS,24,32.25,35.88,38.2,42.4,44.4,51.64999517,55.06999344,59.8663,63.21,66.835,69.08791547,,,,,,,,,,,,,,,,,,,,,,,,,,,,,,,,,,,
Grenada,GRD,Individuals using the Internet (% of population),IT.NET.USER.ZS,20.48780488,21.39599117,22.29,23.18,24.05,27,30,32,35,51.6,53.81,55.85640782,,,,,,,,,,,,,,,,,,,,,,,,,,,,,,,,,,,
Greenland,GRL,Individuals using the Internet (% of population),IT.NET.USER.ZS,57.7034045,59.36168727,61.07,62.82,62.83,63,64,64.8960101,65.8,66.7,67.60044348,68.50087368,,,,,,,,,,,,,,,,,,,,,,,,,,,,,,,,,,,
Guatemala,GTM,Individuals using the Internet (% of population),IT.NET.USER.ZS,5.7,6.5,7.3,8.3,9.3,10.5,12.3,16,19.7,23.4,28.80594156,34.50932609,,,,,,,,,,,,,,,,,,,,,,,,,,,,,,,,,,,
Guam,GUM,Individuals using the Internet (% of population),IT.NET.USER.ZS,38.55987756,43.851443,46.15047362,48.41870215,50.64202838,54.04,57.7,61.53415931,65.4,69.27,73.13999995,77.00999989,,,,,,,,,,,,,,,,,,,,,,,,,,,,,,,,,,,
Guyana,GUY,Individuals using the Internet (% of population),IT.NET.USER.ZS,,,13.8,18.2,23.9,29.9,30,30.5,31,32,34,35.66,,,,,,,,,,,,,,,,,,,,,,,,,,,,,,,,,,,
High income,HIC,Individuals using the Internet (% of population),IT.NET.USER.ZS,58.7787291,61.47838027,66.88276592,68.97364887,70.197069,72.28553688,72.83925793,75.54147891,76.89318452,78.55182061,80.09987341,82.1818476,,,,,,,,,,,,,,,,,,,,,,,,,,,,,,,,,,,
"Hong Kong SAR, China",HKG,Individuals using the Internet (% of population),IT.NET.USER.ZS,56.9,60.8,64.8,66.7,69.4,72,72.2,72.9,74.2,79.86627043,84.94835296,87.47784626,,,,,,,,,,,,,,,,,,,,,,,,,,,,,,,,,,,
Honduras,HND,Individuals using the Internet (% of population),IT.NET.USER.ZS,6.5,7.8,9.4,9.6,9.8,11.09,15.9,18.12,17.8,19.08,27.61981381,30,,,,,,,,,,,,,,,,,,,,,,,,,,,,,,,,,,,
Heavily indebted poor countries (HIPC),HPC,Individuals using the Internet (% of population),IT.NET.USER.ZS,1.21089983,1.554535962,2.327953341,2.512402792,3.126912305,4.723077405,5.33755307,6.600651378,8.060143809,10.3839468,13.35279877,15.56884144,,,,,,,,,,,,,,,,,,,,,,,,,,,,,,,,,,,
Croatia,HRV,Individuals using the Internet (% of population),IT.NET.USER.ZS,33.14,37.98,41.44,44.24,50.58,56.55,57.78997899,61.93997315,66.7476,68.57,69.8031,72.69730605,,,,,,,,,,,,,,,,,,,,,,,,,,,,,,,,,,,
Haiti,HTI,Individuals using the Internet (% of population),IT.NET.USER.ZS,6.376201635,6.796000481,7.2,7.6,8.1,8.37,9,9.8,10.6,11.4,12.1977,12.23260161,,,,,,,,,,,,,,,,,,,,,,,,,,,,,,,,,,,
Hungary,HUN,Individuals using the Internet (% of population),IT.NET.USER.ZS,38.97,47.06,53.3,61,62,65,68.01998789,70.57999815,72.6439,75.65319745,72.8347,79.25940132,,,,,,,,,,,,,,,,,,,,,,,,,,,,,,,,,,,
IBRD only,IBD,Individuals using the Internet (% of population),IT.NET.USER.ZS,8.687128777,10.52352239,13.7357683,16.9458663,20.28596592,24.81506376,28.3078637,32.08905965,35.15221114,38.78204932,42.71571788,45.87600273,,,,,,,,,,,,,,,,,,,,,,,,,,,,,,,,,,,
IDA & IBRD total,IBT,Individuals using the Internet (% of population),IT.NET.USER.ZS,7.248155871,8.866094621,11.45008108,14.08224247,16.8119493,20.54576739,23.38194462,26.56256363,29.24278724,32.63843193,36.28905725,39.17619023,,,,,,,,,,,,,,,,,,,,,,,,,,,,,,,,,,,
IDA total,IDA,Individuals using the Internet (% of population),IT.NET.USER.ZS,2.203666375,2.919438197,3.689115747,4.232176028,5.013510519,6.465312209,7.481192704,8.970230107,10.78378526,13.70300086,16.73796389,19.06252928,,,,,,,,,,,,,,,,,,,,,,,,,,,,,,,,,,,
IDA blend,IDB,Individuals using the Internet (% of population),IT.NET.USER.ZS,4.511307659,5.593256436,6.367686217,7.122248231,8.114761023,9.572492823,11.24404202,13.20521373,15.44744298,17.80488928,21.11883047,23.06319461,,,,,,,,,,,,,,,,,,,,,,,,,,,,,,,,,,,
Indonesia,IDN,Individuals using the Internet (% of population),IT.NET.USER.ZS,3.602024763,4.764813134,5.786274729,7.917479385,6.92,10.92,12.28,14.52,14.94,17.14,21.97606771,25.36630059,,,,,,,,,,,,,,,,,,,,,,,,,,,,,,,,,,,
IDA only,IDX,Individuals using the Internet (% of population),IT.NET.USER.ZS,1.046948729,1.510271787,2.353326266,2.734201441,3.405774784,4.893792059,5.601684375,6.852600462,8.475681605,11.67108822,14.56646726,17.07879382,,,,,,,,,,,,,,,,,,,,,,,,,,,,,,,,,,,
Isle of Man,IMN,Individuals using the Internet (% of population),IT.NET.USER.ZS,,,,,,,,,,,,,,,,,,,,,,,,,,,,,,,,,,,,,,,,,,,,,,,
India,IND,Individuals using the Internet (% of population),IT.NET.USER.ZS,2.388075,2.805499865,3.95,4.38,5.12,7.5,10.07,12.58006091,15.1,21,26,29.54716289,,,,,,,,,,,,,,,,,,,,,,,,,,,,,,,,,,,
Not classified,INX,Individuals using the Internet (% of population),IT.NET.USER.ZS,,,,,,,,,,,,,,,,,,,,,,,,,,,,,,,,,,,,,,,,,,,,,,,
Ireland,IRL,Individuals using the Internet (% of population),IT.NET.USER.ZS,41.61,54.82,61.15832455,65.34,67.38,69.85,74.88997297,76.91999254,78.2477,83.49172234,83.49479167,85.01113212,,,,,,,,,,,,,,,,,,,,,,,,,,,,,,,,,,,
"Iran, Islamic Rep.",IRN,Individuals using the Internet (% of population),IT.NET.USER.ZS,8.1,8.76,9.47,12.02,13.8,15.9,19,22.73,29.95,39.35,45.33497588,53.22677263,,,,,,,,,,,,,,,,,,,,,,,,,,,,,,,,,,,
Iraq,IRQ,Individuals using the Internet (% of population),IT.NET.USER.ZS,0.9,0.952344244,0.93,1,1.06,2.5,5,7.1,9.2,13.21,17.22,21.23,,,,,,,,,,,,,,,,,,,,,,,,,,,,,,,,,,,
Iceland,ISL,Individuals using the Internet (% of population),IT.NET.USER.ZS,87,89.51,90.6,91,93,93.39,94.8196868,96.20979955,96.5468,98.16,98.2,98.2400163,,,,,,,,,,,,,,,,,,,,,,,,,,,,,,,,,,,
Israel,ISR,Individuals using the Internet (% of population),IT.NET.USER.ZS,25.19404242,27.88107446,48.12806219,59.39,63.12,67.5,68.87387799,70.8,70.25031195,75.01775316,77.35208966,79.65312418,,,,,,,,,,,,,,,,,,,,,,,,,,,,,,,,,,,
Italy,ITA,Individuals using the Internet (% of population),IT.NET.USER.ZS,35,37.99,40.79,44.53,48.83,53.68,54.3899983,55.82999799,58.4593,55.63846022,58.14173496,61.32425277,,,,,,,,,,,,,,,,,,,,,,,,,,,,,,,,,,,
Jamaica,JAM,Individuals using the Internet (% of population),IT.NET.USER.ZS,12.8,16.4,21.1,23.6,24.3,27.67,37.43861341,33.79,37.1,40.4027351,42.22122119,45,,,,,,,,,,,,,,,,,,,,,,,,,,,,,,,,,,,
Jordan,JOR,Individuals using the Internet (% of population),IT.NET.USER.ZS,12.93285205,13.86710879,20,23,26,27.2,34.9,37,41.4,46.2,60.11438269,62.30219257,,,,,,,,,,,,,,,,,,,,,,,,,,,,,,,,,,,
Japan,JPN,Individuals using the Internet (% of population),IT.NET.USER.ZS,66.9210661,68.68527032,74.3,75.4,78,78.21,79.05411352,79.4964,88.21942891,89.10683302,91.05802839,93.18272128,,,,,,,,,,,,,,,,,,,,,,,,,,,,,,,,,,,
Kazakhstan,KAZ,Individuals using the Internet (% of population),IT.NET.USER.ZS,2.961707492,3.268369051,4.02,11,18.2,31.6,50.6,61.90662747,63.30422443,66,70.8299336,74.58772647,,,,,,,,,,,,,,,,,,,,,,,,,,,,,,,,,,,
Kenya,KEN,Individuals using the Internet (% of population),IT.NET.USER.ZS,3.101897702,3.6,4.4,5.2,6.1,7.2,8.8,10.5,13,16.5,21,26,,,,,,,,,,,,,,,,,,,,,,,,,,,,,,,,,,,
Kyrgyz Republic,KGZ,Individuals using the Internet (% of population),IT.NET.USER.ZS,10.53380134,12.306907,14.03,15.7,16,16.3,17.5,19.8,23,28.3,30.24704278,34.5,,,,,,,,,,,,,,,,,,,,,,,,,,,,,,,,,,,
Cambodia,KHM,Individuals using the Internet (% of population),IT.NET.USER.ZS,0.317321781,0.46835672,0.49,0.51,0.53,1.26,3.1,4.94,6.8,14,22.32743536,32.39845171,,,,,,,,,,,,,,,,,,,,,,,,,,,,,,,,,,,
Kiribati,KIR,Individuals using the Internet (% of population),IT.NET.USER.ZS,4,4.5,6,7,8.97,9.07,10,10.74679768,11.5,12.25,12.99748389,13.7,,,,,,,,,,,,,,,,,,,,,,,,,,,,,,,,,,,
St. Kitts and Nevis,KNA,Individuals using the Internet (% of population),IT.NET.USER.ZS,34,38.5,43.5,49.2,55.7,63,63.2,64,64.6,68,75.7,76.81767491,,,,,,,,,,,,,,,,,,,,,,,,,,,,,,,,,,,
"Korea, Rep.",KOR,Individuals using the Internet (% of population),IT.NET.USER.ZS,73.5,78.1,78.8,81,81.6,83.7,83.75912015,84.07,84.77,87.55682649,89.64863086,92.84302568,,,,,,,,,,,,,,,,,,,,,,,,,,,,,,,,,,,
Kuwait,KWT,Individuals using the Internet (% of population),IT.NET.USER.ZS,25.92610837,28.79119795,34.8,42,50.8,61.4,65.76907069,70.45,75.46,78.7,77.52326901,78.36738376,,,,,,,,,,,,,,,,,,,,,,,,,,,,,,,,,,,
Latin America & Caribbean (excluding high income),LAC,Individuals using the Internet (% of population),IT.NET.USER.ZS,16.04969976,20.20465544,23.20732536,25.97973101,30.52998339,34.20245818,38.76467741,42.52027285,45.62450478,48.09187918,53.72668706,56.30003799,,,,,,,,,,,,,,,,,,,,,,,,,,,,,,,,,,,
Lao PDR,LAO,Individuals using the Internet (% of population),IT.NET.USER.ZS,0.85035749,1.169893428,1.64,3.55,6,7,9,10.74767619,12.5,14.26,18.2,21.87,,,,,,,,,,,,,,,,,,,,,,,,,,,,,,,,,,,
Lebanon,LBN,Individuals using the Internet (% of population),IT.NET.USER.ZS,10.14,15,18.74,22.53,30.14,43.68,52,61.24978572,70.5,73,74,76.11,,,,,,,,,,,,,,,,,,,,,,,,,,,,,,,,,,,
Liberia,LBR,Individuals using the Internet (% of population),IT.NET.USER.ZS,,,0.551376581,0.53,2,2.3,2.5,2.6,3.2,5.41,5.903867603,7.319106411,,,,,,,,,,,,,,,,,,,,,,,,,,,,,,,,,,,
Libya,LBY,Individuals using the Internet (% of population),IT.NET.USER.ZS,3.917787977,4.301051789,4.721999379,9,10.8,14,14,,16.5,17.76,19.01607978,20.27215956,,,,,,,,,,,,,,,,,,,,,,,,,,,,,,,,,,,
St. Lucia,LCA,Individuals using the Internet (% of population),IT.NET.USER.ZS,21.56758295,24.5,27.9,30,31,32.5,34,34.82,36,36.6,42.53093047,46.72907806,,,,,,,,,,,,,,,,,,,,,,,,,,,,,,,,,,,
Latin America & Caribbean,LCN,Individuals using the Internet (% of population),IT.NET.USER.ZS,16.62172188,20.75599317,23.71256739,26.50979573,31.03941817,34.71188923,39.35253782,43.18243413,46.26107781,48.77823879,54.30400326,56.84130991,,,,,,,,,,,,,,,,,,,,,,,,,,,,,,,,,,,
Least developed countries: UN classification,LDC,Individuals using the Internet (% of population),IT.NET.USER.ZS,0.78248411,1.120428606,1.852511744,2.122203283,2.702761909,4.128908817,4.767448775,6.026859123,7.499515417,10.41277973,13.21835306,15.61204197,,,,,,,,,,,,,,,,,,,,,,,,,,,,,,,,,,,
Low income,LIC,Individuals using the Internet (% of population),IT.NET.USER.ZS,0.907803974,1.130967692,1.35493417,1.859288186,2.349271522,3.246712535,3.704795793,4.688079653,6.025708998,7.67700383,10.55480396,12.43975394,,,,,,,,,,,,,,,,,,,,,,,,,,,,,,,,,,,
Liechtenstein,LIE,Individuals using the Internet (% of population),IT.NET.USER.ZS,63.37135615,64.21416136,65.08021844,70,75,80,85,89.4077,93.8,95.21,96.6411951,98.09390389,,,,,,,,,,,,,,,,,,,,,,,,,,,,,,,,,,,
Sri Lanka,LKA,Individuals using the Internet (% of population),IT.NET.USER.ZS,1.792046794,2.537566129,3.88,5.8,8.78,12,15,18.2854,21.9,25.8,29.98873755,32.05100274,,,,,,,,,,,,,,,,,,,,,,,,,,,,,,,,,,,
Lower middle income,LMC,Individuals using the Internet (% of population),IT.NET.USER.ZS,3.692443024,4.592865392,5.829606914,6.886782304,7.992379607,10.93617638,13.16488996,15.6912846,18.32466607,22.72932042,26.86485871,29.97560574,,,,,,,,,,,,,,,,,,,,,,,,,,,,,,,,,,,
Low & middle income,LMY,Individuals using the Internet (% of population),IT.NET.USER.ZS,6.917487943,8.491076997,11.05978034,13.66919123,16.36601404,20.08981123,22.92133279,26.11547352,28.93047146,32.32703398,36.00551895,38.88304356,,,,,,,,,,,,,,,,,,,,,,,,,,,,,,,,,,,
Lesotho,LSO,Individuals using the Internet (% of population),IT.NET.USER.ZS,2.580245484,2.979708187,3.44543126,3.58,3.72,3.86,7,10,15,22,25,27.36,,,,,,,,,,,,,,,,,,,,,,,,,,,,,,,,,,,
Late-demographic dividend,LTE,Individuals using the Internet (% of population),IT.NET.USER.ZS,12.28385108,15.13640873,19.97382944,25.19779327,30.59824643,36.03368272,40.04939085,44.71099693,48.36886754,50.95102532,53.6203439,56.49252989,,,,,,,,,,,,,,,,,,,,,,,,,,,,,,,,,,,
Lithuania,LTU,Individuals using the Internet (% of population),IT.NET.USER.ZS,36.22,43.9,49.9,55.22,59.76,62.12,63.6399774,67.22998933,68.4529,72.13,71.378,74.37664556,,,,,,,,,,,,,,,,,,,,,,,,,,,,,,,,,,,
Luxembourg,LUX,Individuals using the Internet (% of population),IT.NET.USER.ZS,70,72.51,78.92,82.23,87.31,90.62,90.02985856,91.94992374,93.7765,94.67,97.3341,98.13669867,,,,,,,,,,,,,,,,,,,,,,,,,,,,,,,,,,,
Latvia,LVA,Individuals using the Internet (% of population),IT.NET.USER.ZS,46,53.63,59.17,63.41,66.84,68.42,69.74995456,73.11994377,75.2344,75.83,79.2006,79.84209778,,,,,,,,,,,,,,,,,,,,,,,,,,,,,,,,,,,
"Macao SAR, China",MAC,Individuals using the Internet (% of population),IT.NET.USER.ZS,34.86292717,46.4,47.327,49.24,54,55.198,60.20369672,61.31,65.8,69.78,77.60013186,81.64298546,,,,,,,,,,,,,,,,,,,,,,,,,,,,,,,,,,,
St. Martin (French part),MAF,Individuals using the Internet (% of population),IT.NET.USER.ZS,,,,,,,,,,,,,,,,,,,,,,,,,,,,,,,,,,,,,,,,,,,,,,,
Morocco,MAR,Individuals using the Internet (% of population),IT.NET.USER.ZS,15.08444452,19.77119157,21.5,33.1,41.3,52,46.1074826,55.41605319,56,56.8,57.08,58.27123642,,,,,,,,,,,,,,,,,,,,,,,,,,,,,,,,,,,
Monaco,MCO,Individuals using the Internet (% of population),IT.NET.USER.ZS,55.46482606,61.47603971,64.3776824,67.25,70.1,75,80.3,87,90.7,92.4,93.36330202,95.20817797,,,,,,,,,,,,,,,,,,,,,,,,,,,,,,,,,,,
Moldova,MDA,Individuals using the Internet (% of population),IT.NET.USER.ZS,14.63027046,19.62064771,20.45,23.39,27.5,32.3,38,43.37,60,67,69,70.99999911,,,,,,,,,,,,,,,,,,,,,,,,,,,,,,,,,,,
Madagascar,MDG,Individuals using the Internet (% of population),IT.NET.USER.ZS,0.567721802,0.607552239,0.65,1.65,1.63,1.7,1.9,2.3,3,3.7,4.17397219,4.713662899,,,,,,,,,,,,,,,,,,,,,,,,,,,,,,,,,,,
Maldives,MDV,Individuals using the Internet (% of population),IT.NET.USER.ZS,6.869605067,11.03635278,16.3,23.2,24.8,26.53,34,38.9301,44.1,49.28,54.46195515,59.09258997,,,,,,,,,,,,,,,,,,,,,,,,,,,,,,,,,,,
Middle East & North Africa,MEA,Individuals using the Internet (% of population),IT.NET.USER.ZS,9.837574849,11.85474422,15.07590034,18.75299529,21.61841565,24.87267923,27.83595894,31.61118712,35.3283434,40.24021671,44.33506682,48.17789711,,,,,,,,,,,,,,,,,,,,,,,,,,,,,,,,,,,
Mexico,MEX,Individuals using the Internet (% of population),IT.NET.USER.ZS,17.21,19.52,20.81,21.71,26.34,31.05,37.17629541,39.75,43.46,44.39,57.43104299,59.540446,,,,,,,,,,,,,,,,,,,,,,,,,,,,,,,,,,,
Marshall Islands,MHL,Individuals using the Internet (% of population),IT.NET.USER.ZS,3.878702398,3.795590214,3.95,4.6,5.6,7,10,12.5,14,16.8,19.2824418,29.78777936,,,,,,,,,,,,,,,,,,,,,,,,,,,,,,,,,,,
Middle income,MIC,Individuals using the Internet (% of population),IT.NET.USER.ZS,7.494227551,9.197741428,12.03195471,14.87801464,17.82275632,21.81708539,24.96758022,28.43562113,31.3885875,35.01830867,38.83116051,41.86857295,,,,,,,,,,,,,,,,,,,,,,,,,,,,,,,,,,,
"Macedonia, FYR",MKD,Individuals using the Internet (% of population),IT.NET.USER.ZS,26.45,28.62,36.3,46.04,51.77,51.9,56.7,57.44994731,65.24,68.06,70.3802,72.15681447,,,,,,,,,,,,,,,,,,,,,,,,,,,,,,,,,,,
Mali,MLI,Individuals using the Internet (% of population),IT.NET.USER.ZS,0.507063136,0.729627281,0.81,1.57,1.8,2,2.2,2.8,3.5,7,10.33,11.11218649,,,,,,,,,,,,,,,,,,,,,,,,,,,,,,,,,,,
Malta,MLT,Individuals using the Internet (% of population),IT.NET.USER.ZS,41.24,40.41,46.9,50.08,58.86,63,68.01982379,68.19987429,68.9138,73.17,76.184,77.28939482,,,,,,,,,,,,,,,,,,,,,,,,,,,,,,,,,,,
Myanmar,MMR,Individuals using the Internet (% of population),IT.NET.USER.ZS,0.065238856,0.182048331,0.217128445,0.22,0.22,0.25,0.98,4,8,11.52,21.72583401,25.07330424,,,,,,,,,,,,,,,,,,,,,,,,,,,,,,,,,,,
Middle East & North Africa (excluding high income),MNA,Individuals using the Internet (% of population),IT.NET.USER.ZS,8.623184453,9.993366807,11.9482906,15.07349353,17.78760994,20.73330352,23.02044794,26.27417096,29.80611556,34.83925816,39.13948506,43.10498101,,,,,,,,,,,,,,,,,,,,,,,,,,,,,,,,,,,
Montenegro,MNE,Individuals using the Internet (% of population),IT.NET.USER.ZS,27.1,28.9,30.8,32.9,35.1,37.5,35.61154125,56.83878255,60.31,61,68.11958104,69.88164684,,,,,,,,,,,,,,,,,,,,,,,,,,,,,,,,,,,
Mongolia,MNG,Individuals using the Internet (% of population),IT.NET.USER.ZS,,,9,9.8,10,10.2,12.49999111,16.4,17.69998424,19.94244743,21.43603111,22.2657705,,,,,,,,,,,,,,,,,,,,,,,,,,,,,,,,,,,
Northern Mariana Islands,MNP,Individuals using the Internet (% of population),IT.NET.USER.ZS,,,,,,,,,,,,,,,,,,,,,,,,,,,,,,,,,,,,,,,,,,,,,,,
Mozambique,MOZ,Individuals using the Internet (% of population),IT.NET.USER.ZS,0.854357118,0.842954488,0.91,1.56,2.68,4.17,4.3,6,7.29393733,9.236314896,16.93353299,17.52123909,,,,,,,,,,,,,,,,,,,,,,,,,,,,,,,,,,,
Mauritania,MRT,Individuals using the Internet (% of population),IT.NET.USER.ZS,0.669966475,0.979661253,1.433613196,1.87,2.28,4,4.5,5,6.2,10.7,15.19912669,18,,,,,,,,,,,,,,,,,,,,,,,,,,,,,,,,,,,
Mauritius,MUS,Individuals using the Internet (% of population),IT.NET.USER.ZS,15.17222875,16.7,20.22,21.81,22.51,28.33,34.95,35.42,40.11682514,44.80327537,50.13931848,52.19132594,,,,,,,,,,,,,,,,,,,,,,,,,,,,,,,,,,,
Malawi,MWI,Individuals using the Internet (% of population),IT.NET.USER.ZS,0.384489334,0.42513749,0.965864737,0.7,1.07,2.26,3.33,4.3506,5.05,5.83,9.298148347,9.614097296,,,,,,,,,,,,,,,,,,,,,,,,,,,,,,,,,,,
Malaysia,MYS,Individuals using the Internet (% of population),IT.NET.USER.ZS,48.62917025,51.63798899,55.7,55.8,55.9,56.3,61,65.8,57.05751226,63.66542588,71.06406781,78.78830993,,,,,,,,,,,,,,,,,,,,,,,,,,,,,,,,,,,
North America,NAC,Individuals using the Internet (% of population),IT.NET.USER.ZS,68.33155717,69.27397962,74.82175132,74.26934982,71.92675751,72.5503538,71.0589108,75.53469755,72.85125319,74.42683527,75.96382602,77.56345949,,,,,,,,,,,,,,,,,,,,,,,,,,,,,,,,,,,
Namibia,NAM,Individuals using the Internet (% of population),IT.NET.USER.ZS,4.010046644,4.398870647,4.835610778,5.329003772,6.5,11.6,12,12.9414,13.9,14.84,25.68785182,31.03334594,,,,,,,,,,,,,,,,,,,,,,,,,,,,,,,,,,,
New Caledonia,NCL,Individuals using the Internet (% of population),IT.NET.USER.ZS,32.35901475,33.51571468,35.05,34.51,33.99,42,50,58,66,70,74.00175279,,,,,,,,,,,,,,,,,,,,,,,,,,,,,,,,,,,,
Niger,NER,Individuals using the Internet (% of population),IT.NET.USER.ZS,0.221341351,0.294033977,0.39039062,0.7,0.76,0.83,1.3,1.4077,1.7,1.95,2.476219975,4.32275803,,,,,,,,,,,,,,,,,,,,,,,,,,,,,,,,,,,
Nigeria,NGA,Individuals using the Internet (% of population),IT.NET.USER.ZS,3.549155718,5.545036083,6.77,8,9.3,11.5,13.8,16.1,19.1,21,24.5,25.67,,,,,,,,,,,,,,,,,,,,,,,,,,,,,,,,,,,
Nicaragua,NIC,Individuals using the Internet (% of population),IT.NET.USER.ZS,2.566351177,2.805573063,3.9,5.3,7.3,10,10.6,13.5,15.5,17.6,19.7042915,24.57183396,,,,,,,,,,,,,,,,,,,,,,,,,,,,,,,,,,,
Netherlands,NLD,Individuals using the Internet (% of population),IT.NET.USER.ZS,81,83.7,85.82,87.42,89.63,90.72,91.41999576,92.85999236,93.9564,91.666666,91.72413793,90.4109589,,,,,,,,,,,,,,,,,,,,,,,,,,,,,,,,,,,
Norway,NOR,Individuals using the Internet (% of population),IT.NET.USER.ZS,81.99,82.55,86.93,90.57,92.08,93.39,93.48998265,94.64997805,95.0534,96.3,96.8103,97.29820367,,,,,,,,,,,,,,,,,,,,,,,,,,,,,,,,,,,
Nepal,NPL,Individuals using the Internet (% of population),IT.NET.USER.ZS,0.826551266,1.141389164,1.41,1.73,1.97,7.93,9,11.1493,13.3,15.44,17.58161801,19.68876384,,,,,,,,,,,,,,,,,,,,,,,,,,,,,,,,,,,
Nauru,NRU,Individuals using the Internet (% of population),IT.NET.USER.ZS,,,,,,,54,,,,,,,,,,,,,,,,,,,,,,,,,,,,,,,,,,,,,,,,
New Zealand,NZL,Individuals using the Internet (% of population),IT.NET.USER.ZS,62.72021237,69,69.76,72.03,79.7,80.46,81.23,81.64447018,82.78,85.5,88.22288882,88.47018635,,,,,,,,,,,,,,,,,,,,,,,,,,,,,,,,,,,
OECD members,OED,Individuals using the Internet (% of population),IT.NET.USER.ZS,54.18194587,56.6426074,61.90258632,63.93820389,65.35165654,67.64053005,68.55833601,70.95997056,72.28252767,73.89410583,76.56259125,78.73113222,,,,,,,,,,,,,,,,,,,,,,,,,,,,,,,,,,,
Oman,OMN,Individuals using the Internet (% of population),IT.NET.USER.ZS,6.68358142,8.299716673,16.68,20,26.8,35.8278,48,60,66.45,70.22,66.13381127,69.92919257,,,,,,,,,,,,,,,,,,,,,,,,,,,,,,,,,,,
Other small states,OSS,Individuals using the Internet (% of population),IT.NET.USER.ZS,12.8603223,14.22604903,16.04448479,18.64968717,20.62774851,24.19191717,27.79362502,31.09335689,35.93863063,39.71373435,43.28654505,45.72993462,,,,,,,,,,,,,,,,,,,,,,,,,,,,,,,,,,,
Pakistan,PAK,Individuals using the Internet (% of population),IT.NET.USER.ZS,6.332329098,6.5,6.8,7,7.5,8,9,9.96,10.9,12,14,15.51455779,,,,,,,,,,,,,,,,,,,,,,,,,,,,,,,,,,,
Panama,PAN,Individuals using the Internet (% of population),IT.NET.USER.ZS,11.48400928,17.34956617,22.29,33.82,39.08,40.1,42.7,40.30189522,44.03,44.92,51.20542499,54,,,,,,,,,,,,,,,,,,,,,,,,,,,,,,,,,,,
Peru,PER,Individuals using the Internet (% of population),IT.NET.USER.ZS,17.1,20.7,25.2,30.57,31.4,34.77,36.01,38.2,39.2,40.2,40.9,45.46174069,,,,,,,,,,,,,,,,,,,,,,,,,,,,,,,,,,,
Philippines,PHL,Individuals using the Internet (% of population),IT.NET.USER.ZS,5.397636329,5.740586325,5.97,6.22,9,25,29,36.2351,48.09902359,49.6,53.7,55.5,,,,,,,,,,,,,,,,,,,,,,,,,,,,,,,,,,,
Palau,PLW,Individuals using the Internet (% of population),IT.NET.USER.ZS,,,,,,,,,,,,,,,,,,,,,,,,,,,,,,,,,,,,,,,,,,,,,,,
Papua New Guinea,PNG,Individuals using the Internet (% of population),IT.NET.USER.ZS,1.716190476,1.754487261,1.790559361,1.15,1.61,1.28,2,3.5,5.1,6.5,7.9,9.601538462,,,,,,,,,,,,,,,,,,,,,,,,,,,,,,,,,,,
Poland,POL,Individuals using the Internet (% of population),IT.NET.USER.ZS,38.81,44.58,48.6,53.13,58.97,62.32,61.94999897,62.30999727,62.8492,66.6,67.997,73.3007,,,,,,,,,,,,,,,,,,,,,,,,,,,,,,,,,,,
Pre-demographic dividend,PRE,Individuals using the Internet (% of population),IT.NET.USER.ZS,1.720034498,2.45401576,3.229315112,3.659929473,4.361325726,6.099754451,7.085250425,8.566162023,10.29524777,12.36415244,15.00040041,17.19762978,,,,,,,,,,,,,,,,,,,,,,,,,,,,,,,,,,,
Puerto Rico,PRI,Individuals using the Internet (% of population),IT.NET.USER.ZS,23.40005045,25.44241821,27.86,38,41.5,45.3,48,68.9999826,68.99999,76.13385972,79.46876883,80.32,,,,,,,,,,,,,,,,,,,,,,,,,,,,,,,,,,,
"Korea, Dem. People’s Rep.",PRK,Individuals using the Internet (% of population),IT.NET.USER.ZS,0,0,0,0,0,0,0,0,,,,,,,,,,,,,,,,,,,,,,,,,,,,,,,,,,,,,,,
Portugal,PRT,Individuals using the Internet (% of population),IT.NET.USER.ZS,34.99,38.01,42.09,44.13,48.27,53.3,55.24999688,60.33999749,62.0956,64.59,68.6329,70.42356709,,,,,,,,,,,,,,,,,,,,,,,,,,,,,,,,,,,
Paraguay,PRY,Individuals using the Internet (% of population),IT.NET.USER.ZS,7.907007861,7.962073884,11.21,14.27,18.9,19.8,24.76351588,29.34,36.9,43,48.43868795,51.34987436,,,,,,,,,,,,,,,,,,,,,,,,,,,,,,,,,,,
West Bank and Gaza,PSE,Individuals using the Internet (% of population),IT.NET.USER.ZS,16.005,18.41,21.176,24.358,32.23,37.4,41.08,43.4,46.6,53.67,57.42419241,61.17838483,,,,,,,,,,,,,,,,,,,,,,,,,,,,,,,,,,,
Pacific island small states,PSS,Individuals using the Internet (% of population),IT.NET.USER.ZS,5.579126792,6.49353724,7.393425074,8.692047105,10.87156551,12.97469668,17.64878858,20.72104369,22.0312361,24.73681875,27.94692745,30.60721347,,,,,,,,,,,,,,,,,,,,,,,,,,,,,,,,,,,
Post-demographic dividend,PST,Individuals using the Internet (% of population),IT.NET.USER.ZS,58.48989731,60.41712886,65.65983522,67.65226505,68.86522805,70.97955906,71.43008867,74.22831377,75.73474644,77.3991187,79.09570561,81.12779654,,,,,,,,,,,,,,,,,,,,,,,,,,,,,,,,,,,
French Polynesia,PYF,Individuals using the Internet (% of population),IT.NET.USER.ZS,21.54218547,25.10796425,28.59,33.87,44.6,49,49,52.87663059,56.8,60.68,64.56020975,68.44041949,,,,,,,,,,,,,,,,,,,,,,,,,,,,,,,,,,,
Qatar,QAT,Individuals using the Internet (% of population),IT.NET.USER.ZS,24.73349378,28.97411271,37,44.3,53.1,69,69,69.3,85.3,91.49,92.88482645,94.29111815,,,,,,,,,,,,,,,,,,,,,,,,,,,,,,,,,,,
Romania,ROU,Individuals using the Internet (% of population),IT.NET.USER.ZS,21.5,24.66,28.3,32.42,36.6,39.93,40.00999678,45.87999425,49.7645,54.08,55.7632,59.50395129,,,,,,,,,,,,,,,,,,,,,,,,,,,,,,,,,,,
Russian Federation,RUS,Individuals using the Internet (% of population),IT.NET.USER.ZS,15.2266732,18.02327746,24.66,26.83,29,43,49,63.8,67.97,70.52,73.41,73.09143462,,,,,,,,,,,,,,,,,,,,,,,,,,,,,,,,,,,
Rwanda,RWA,Individuals using the Internet (% of population),IT.NET.USER.ZS,0.556041165,,2.115387178,4.5,7.7,8,7,8.023854277,9,10.6,18,20,,,,,,,,,,,,,,,,,,,,,,,,,,,,,,,,,,,
South Asia,SAS,Individuals using the Internet (% of population),IT.NET.USER.ZS,2.533991878,2.971573687,3.965098867,4.408935438,5.149467757,7.205783791,9.398096636,11.52085994,13.75621344,19.08327622,23.20357256,26.4777357,,,,,,,,,,,,,,,,,,,,,,,,,,,,,,,,,,,
Saudi Arabia,SAU,Individuals using the Internet (% of population),IT.NET.USER.ZS,12.70503599,19.45955435,30,36,38,41,47.5,54,60.5,64.71365737,69.6162358,73.75090368,,,,,,,,,,,,,,,,,,,,,,,,,,,,,,,,,,,
Sudan,SDN,Individuals using the Internet (% of population),IT.NET.USER.ZS,1.292040678,,8.66,,,16.7,17.46,21,22.7,24.64,26.61492855,28,,,,,,,,,,,,,,,,,,,,,,,,,,,,,,,,,,,
Senegal,SEN,Individuals using the Internet (% of population),IT.NET.USER.ZS,4.786684083,5.611738652,6.89,7.12,7.5,8,9.8,10.8,13.1,17.7,21.69026413,25.66476804,,,,,,,,,,,,,,,,,,,,,,,,,,,,,,,,,,,
Singapore,SGP,Individuals using the Internet (% of population),IT.NET.USER.ZS,61,59,69.9,69,69,71,71,72,80.90205685,79.02923586,79.012957,81,,,,,,,,,,,,,,,,,,,,,,,,,,,,,,,,,,,
Solomon Islands,SLB,Individuals using the Internet (% of population),IT.NET.USER.ZS,0.844307573,1.646347989,2,3,4,5,6,6.9974,8,9,10.00046498,11.00090227,,,,,,,,,,,,,,,,,,,,,,,,,,,,,,,,,,,
Sierra Leone,SLE,Individuals using the Internet (% of population),IT.NET.USER.ZS,0.21539161,0.227669467,0.239834699,0.25,0.26,0.58,0.9,2.5,4,6.057298984,6.344421603,11.77318438,,,,,,,,,,,,,,,,,,,,,,,,,,,,,,,,,,,
El Salvador,SLV,Individuals using the Internet (% of population),IT.NET.USER.ZS,4.2,5.5,6.11,10.08,12.11,15.9,18.9,20.32138772,23.1093,24.76171215,26.80260496,28.99707305,,,,,,,,,,,,,,,,,,,,,,,,,,,,,,,,,,,
San Marino,SMR,Individuals using the Internet (% of population),IT.NET.USER.ZS,50.2595642,50.20865936,50.36482211,54.52,54.21,,49.6,,,,,,,,,,,,,,,,,,,,,,,,,,,,,,,,,,,,,,,,
Somalia,SOM,Individuals using the Internet (% of population),IT.NET.USER.ZS,1.077327839,1.100216368,1.122235622,1.142687372,1.160610542,,1.25,1.3767,1.5,1.63,1.76,1.88,,,,,,,,,,,,,,,,,,,,,,,,,,,,,,,,,,,
Serbia,SRB,Individuals using the Internet (% of population),IT.NET.USER.ZS,26.3,27.2,33.15,35.6,38.1,40.9,42.2,48.1,53.45036418,62.07508046,65.3170254,67.05684137,,,,,,,,,,,,,,,,,,,,,,,,,,,,,,,,,,,
Sub-Saharan Africa (excluding high income),SSA,Individuals using the Internet (% of population),IT.NET.USER.ZS,2.03933611,2.699099408,3.41805504,3.876289507,4.598676067,6.988944662,8.386960232,10.26657551,12.33091744,14.6967583,17.89302946,19.9190256,,,,,,,,,,,,,,,,,,,,,,,,,,,,,,,,,,,
South Sudan,SSD,Individuals using the Internet (% of population),IT.NET.USER.ZS,,,,,,,,,3.829969245,4.51615373,5.5,6.679728051,,,,,,,,,,,,,,,,,,,,,,,,,,,,,,,,,,,
Sub-Saharan Africa,SSF,Individuals using the Internet (% of population),IT.NET.USER.ZS,2.042099108,2.703059039,3.422001511,3.880493418,4.598676067,6.992578507,8.390542461,10.27028308,12.33462412,14.70024055,17.89641872,19.9223631,,,,,,,,,,,,,,,,,,,,,,,,,,,,,,,,,,,
Small states,SST,Individuals using the Internet (% of population),IT.NET.USER.ZS,13.65920333,15.27200781,17.25259125,19.86894677,22.26470649,25.72457431,29.98376402,32.67522266,36.88792963,40.43474861,43.78377854,46.31467749,,,,,,,,,,,,,,,,,,,,,,,,,,,,,,,,,,,
Sao Tome and Principe,STP,Individuals using the Internet (% of population),IT.NET.USER.ZS,13.75948422,14.18201978,14.5904832,15.48,16.41,18.75,20.1612,21.5724,23,24.41,25.82,28,,,,,,,,,,,,,,,,,,,,,,,,,,,,,,,,,,,
Suriname,SUR,Individuals using the Internet (% of population),IT.NET.USER.ZS,6.403086288,9.499626942,14.11,21.06,31.36,31.59,32,34.6812,37.4,40.08,42.76382778,45.4,,,,,,,,,,,,,,,,,,,,,,,,,,,,,,,,,,,
Slovak Republic,SVK,Individuals using the Internet (% of population),IT.NET.USER.ZS,55.19,56.08,61.8,66.05,70,75.71,74.43999717,76.70999012,77.8826,79.98,77.6347,80.4759,,,,,,,,,,,,,,,,,,,,,,,,,,,,,,,,,,,
Slovenia,SVN,Individuals using the Internet (% of population),IT.NET.USER.ZS,46.81,54.01,56.74,58,64,70,67.33999481,68.34997453,72.6756,71.59,73.0987,75.49850426,,,,,,,,,,,,,,,,,,,,,,,,,,,,,,,,,,,
Sweden,SWE,Individuals using the Internet (% of population),IT.NET.USER.ZS,84.83,87.76,82.01,90,91,90,92.76998606,93.17998801,94.7836,92.52,90.6102,89.65094761,,,,,,,,,,,,,,,,,,,,,,,,,,,,,,,,,,,
Swaziland,SWZ,Individuals using the Internet (% of population),IT.NET.USER.ZS,3.696961073,3.696538789,4.1,6.85,8.94,11.04,18.13,20.78178258,24.7,26.17500573,25.64304231,28.57352278,,,,,,,,,,,,,,,,,,,,,,,,,,,,,,,,,,,
Sint Maarten (Dutch part),SXM,Individuals using the Internet (% of population),IT.NET.USER.ZS,,,,,,,,,,,,,,,,,,,,,,,,,,,,,,,,,,,,,,,,,,,,,,,
Seychelles,SYC,Individuals using the Internet (% of population),IT.NET.USER.ZS,25.41326815,34.95197117,38.38,40.44,,41,43.16400446,47.076,50.4,51.25470199,54.25961786,56.51470815,,,,,,,,,,,,,,,,,,,,,,,,,,,,,,,,,,,
Syrian Arab Republic,SYR,Individuals using the Internet (% of population),IT.NET.USER.ZS,5.648106049,7.832551569,11.5,14,17.3,20.7,22.5,24.3001,26.2,28.09,29.97979724,31.86962727,,,,,,,,,,,,,,,,,,,,,,,,,,,,,,,,,,,
Turks and Caicos Islands,TCA,Individuals using the Internet (% of population),IT.NET.USER.ZS,,,,,,,,,,,,,,,,,,,,,,,,,,,,,,,,,,,,,,,,,,,,,,,
Chad,TCD,Individuals using the Internet (% of population),IT.NET.USER.ZS,0.3992577,0.581045764,0.847224521,1.19,1.5,1.7,1.9,2.1,2.5,2.9,3.5,5,,,,,,,,,,,,,,,,,,,,,,,,,,,,,,,,,,,
East Asia & Pacific (IDA & IBRD countries),TEA,Individuals using the Internet (% of population),IT.NET.USER.ZS,8.419354183,10.29719602,14.56016092,19.50080066,24.06468038,29.32013325,32.7867707,36.51052758,39.69640372,42.04640158,45.21308093,48.41612752,,,,,,,,,,,,,,,,,,,,,,,,,,,,,,,,,,,
Europe & Central Asia (IDA & IBRD countries),TEC,Individuals using the Internet (% of population),IT.NET.USER.ZS,15.00506432,17.79036169,23.00667272,26.59295118,30.37883923,38.10358638,42.53992344,50.08973164,53.75222954,57.79179044,60.83464149,63.37458828,,,,,,,,,,,,,,,,,,,,,,,,,,,,,,,,,,,
Togo,TGO,Individuals using the Internet (% of population),IT.NET.USER.ZS,1.8,2,2.2,2.4,2.6,3,3.5,4,4.5,5.7,7.12,11.31,,,,,,,,,,,,,,,,,,,,,,,,,,,,,,,,,,,
Thailand,THA,Individuals using the Internet (% of population),IT.NET.USER.ZS,15.02600436,17.16071472,20.03,18.2,20.1,22.4,23.66992562,26.46,28.94,34.89,39.31612674,47.50496562,,,,,,,,,,,,,,,,,,,,,,,,,,,,,,,,,,,
Tajikistan,TJK,Individuals using the Internet (% of population),IT.NET.USER.ZS,0.298690024,3.772406207,7.197619518,8.78,10.07,11.55,13.03,14.51,16,17.49,18.98,20.47,,,,,,,,,,,,,,,,,,,,,,,,,,,,,,,,,,,
Turkmenistan,TKM,Individuals using the Internet (% of population),IT.NET.USER.ZS,0.997256559,1.319573118,1.406360688,1.75,1.95,3,5,7.1958,9.6,12.2,14.99677482,17.99032446,,,,,,,,,,,,,,,,,,,,,,,,,,,,,,,,,,,
Latin America & the Caribbean (IDA & IBRD countries),TLA,Individuals using the Internet (% of population),IT.NET.USER.ZS,16.68883369,20.89562897,23.90431894,26.67697568,31.27579133,34.98445336,39.71283962,43.40449689,46.43347909,48.94476251,54.43738797,57.00139873,,,,,,,,,,,,,,,,,,,,,,,,,,,,,,,,,,,
Timor-Leste,TLS,Individuals using the Internet (% of population),IT.NET.USER.ZS,0.099031768,0.5,1,1.5,2,3,4,7,11,17.5,23,25.24624959,,,,,,,,,,,,,,,,,,,,,,,,,,,,,,,,,,,
Middle East & North Africa (IDA & IBRD countries),TMN,Individuals using the Internet (% of population),IT.NET.USER.ZS,8.53613922,9.893586397,11.83811176,14.9616994,17.61214929,20.52900382,22.79709863,26.0565215,29.59457478,34.59977645,38.90462806,42.87044155,,,,,,,,,,,,,,,,,,,,,,,,,,,,,,,,,,,
Tonga,TON,Individuals using the Internet (% of population),IT.NET.USER.ZS,4.907782762,5.853944095,7.179865329,8.110769944,10,16,25,30,32.75396061,35.95444145,38.65127243,39.95,,,,,,,,,,,,,,,,,,,,,,,,,,,,,,,,,,,
South Asia (IDA & IBRD),TSA,Individuals using the Internet (% of population),IT.NET.USER.ZS,2.533991878,2.971573687,3.965098867,4.408935438,5.149467757,7.205783791,9.398096636,11.52085994,13.75621344,19.08327622,23.20357256,26.4777357,,,,,,,,,,,,,,,,,,,,,,,,,,,,,,,,,,,
Sub-Saharan Africa (IDA & IBRD countries),TSS,Individuals using the Internet (% of population),IT.NET.USER.ZS,2.042099108,2.703059039,3.422001511,3.880493418,4.598676067,6.992578507,8.390542461,10.27028308,12.33462412,14.70024055,17.89641872,19.9223631,,,,,,,,,,,,,,,,,,,,,,,,,,,,,,,,,,,
Trinidad and Tobago,TTO,Individuals using the Internet (% of population),IT.NET.USER.ZS,28.97671243,30.00374858,32.3,34.8,44.3,48.5,55.2,59.5162,63.8,65.1,69.19847061,73.29694122,,,,,,,,,,,,,,,,,,,,,,,,,,,,,,,,,,,
Tunisia,TUN,Individuals using the Internet (% of population),IT.NET.USER.ZS,9.655086542,12.98640865,17.1,27.53,34.07,36.8,39.1,41.4416,43.8,46.16,46.5,49.6,,,,,,,,,,,,,,,,,,,,,,,,,,,,,,,,,,,
Turkey,TUR,Individuals using the Internet (% of population),IT.NET.USER.ZS,15.46,18.24,28.63,34.37,36.4,39.82,43.06571043,45.13,46.25,51.04,53.74497914,58.34773401,,,,,,,,,,,,,,,,,,,,,,,,,,,,,,,,,,,
Tuvalu,TUV,Individuals using the Internet (% of population),IT.NET.USER.ZS,,,10,15,20,25,30,35,37,39.2,42.7,46.00915151,,,,,,,,,,,,,,,,,,,,,,,,,,,,,,,,,,,
Tanzania,TZA,Individuals using the Internet (% of population),IT.NET.USER.ZS,1.1,1.3,1.6,1.9,2.4,2.9,3.2,3.95,4.4,7,10,13,,,,,,,,,,,,,,,,,,,,,,,,,,,,,,,,,,,
Uganda,UGA,Individuals using the Internet (% of population),IT.NET.USER.ZS,1.742205503,2.529363038,3.671965351,7.9,9.78,12.5,13.01354333,14.1,15.5,16.9,17.83485947,21.87617046,,,,,,,,,,,,,,,,,,,,,,,,,,,,,,,,,,,
Ukraine,UKR,Individuals using the Internet (% of population),IT.NET.USER.ZS,3.749764415,4.506124564,6.55,11,17.9,23.3,28.70826284,35.27,40.954129,46.23597546,48.88464368,52.48180829,,,,,,,,,,,,,,,,,,,,,,,,,,,,,,,,,,,
Upper middle income,UMC,Individuals using the Internet (% of population),IT.NET.USER.ZS,11.54919897,14.07274522,18.74189028,23.4890802,28.50134374,33.87839605,38.14765044,42.80331299,46.18183849,49.01828513,52.55990875,55.61217457,,,,,,,,,,,,,,,,,,,,,,,,,,,,,,,,,,,
Uruguay,URY,Individuals using the Internet (% of population),IT.NET.USER.ZS,20.08818956,29.4,34,39.3,41.8,46.4,51.40466106,54.45376868,57.69,61.46,64.6,66.4,,,,,,,,,,,,,,,,,,,,,,,,,,,,,,,,,,,
United States,USA,Individuals using the Internet (% of population),IT.NET.USER.ZS,67.96805292,68.93119327,75,74,71,71.69,69.72946076,74.7,71.4,73,74.55420245,76.17673698,,,,,,,,,,,,,,,,,,,,,,,,,,,,,,,,,,,
Uzbekistan,UZB,Individuals using the Internet (% of population),IT.NET.USER.ZS,3.343509888,6.388321967,7.490604681,9.080114523,11.9,15.9,18.6,23.6,26.8,35.5,42.8,46.79128694,,,,,,,,,,,,,,,,,,,,,,,,,,,,,,,,,,,
St. Vincent and the Grenadines,VCT,Individuals using the Internet (% of population),IT.NET.USER.ZS,9.198278082,12,16,21,31,33.7,36.7,40,43.5,47.4,51.77,55.57461942,,,,,,,,,,,,,,,,,,,,,,,,,,,,,,,,,,,
"Venezuela, RB",VEN,Individuals using the Internet (% of population),IT.NET.USER.ZS,12.55299791,15.22471148,20.83,25.88,32.7,37.37,40.22,49.05008307,54.9,57,61.86924809,60,,,,,,,,,,,,,,,,,,,,,,,,,,,,,,,,,,,
British Virgin Islands,VGB,Individuals using the Internet (% of population),IT.NET.USER.ZS,,,,,36,37,37.4,37.6,,,,,,,,,,,,,,,,,,,,,,,,,,,,,,,,,,,,,,,
Virgin Islands (U.S.),VIR,Individuals using the Internet (% of population),IT.NET.USER.ZS,27.34431967,27.33261054,27.33933584,27.36177742,27.39650968,31.22,35.6,40.5479,45.3,50.07,54.8391373,59.6083158,,,,,,,,,,,,,,,,,,,,,,,,,,,,,,,,,,,
Vietnam,VNM,Individuals using the Internet (% of population),IT.NET.USER.ZS,12.73992929,17.25456172,20.75544477,23.92,26.55,30.65,35.07,36.8,38.5,41,43.5,46.5,,,,,,,,,,,,,,,,,,,,,,,,,,,,,,,,,,,
Vanuatu,VUT,Individuals using the Internet (% of population),IT.NET.USER.ZS,5.082333808,5.850585059,6.8,7.269119923,7.5,8,9.2,10.598,11.3,18.8,22.35140458,24,,,,,,,,,,,,,,,,,,,,,,,,,,,,,,,,,,,
World,WLD,Individuals using the Internet (% of population),IT.NET.USER.ZS,15.72910329,17.49252632,20.42547985,22.95056071,25.35634482,28.73360417,31.12547748,34.19432427,36.72604949,39.79214783,43.07955767,45.78450279,,,,,,,,,,,,,,,,,,,,,,,,,,,,,,,,,,,
Samoa,WSM,Individuals using the Internet (% of population),IT.NET.USER.ZS,3.352592112,4.469173873,4.749983235,5.031615316,6,7,11,12.92249,15.3,21.2,25.40700977,29.41173011,,,,,,,,,,,,,,,,,,,,,,,,,,,,,,,,,,,
Kosovo,XKX,Individuals using the Internet (% of population),IT.NET.USER.ZS,,,,,,,,,,,,,,,,,,,,,,,,,,,,,,,,,,,,,,,,,,,,,,,
"Yemen, Rep.",YEM,Individuals using the Internet (% of population),IT.NET.USER.ZS,1.048597934,1.247824049,5.01,6.89,9.96,12.35,14.905,17.4465,20,22.55,24.08540947,24.57920836,,,,,,,,,,,,,,,,,,,,,,,,,,,,,,,,,,,
South Africa,ZAF,Individuals using the Internet (% of population),IT.NET.USER.ZS,7.48854253,7.607139675,8.065375174,8.43,10,24,33.97,41,46.5,49,51.91911572,54,,,,,,,,,,,,,,,,,,,,,,,,,,,,,,,,,,,
Zambia,ZMB,Individuals using the Internet (% of population),IT.NET.USER.ZS,2.851752261,4.159913394,4.87,5.55,6.31,10,11.5,13.4682,15.4,19,21,25.50657885,,,,,,,,,,,,,,,,,,,,,,,,,,,,,,,,,,,
Zimbabwe,ZWE,Individuals using the Internet (% of population),IT.NET.USER.ZS,2.4,2.4,3,3.5,4,6.4,8.4,12,15.5,16.36473996,22.7428181,23.11998904,,,,,,,,,,,,,,,,,,,,,,,,,,,,,,,,,,,
